Compound_Name,CAS_Number,Odor_Description,RI_OV101,RI_DB5,RI_OV17,RI_C20M
trimethylamine,75-50-3,fish,312,329,420,677
ethanal,75-07-0,"pungent, ether",418,427,518,714
methanethiol,74-93-1,"sulfur, gasoline, garlic",483,500,591,696
propanal,123-38-6,"solvent, pungent",489,506,597,571
pentane,109-66-0,alkane,500,500,500,500
propanol,71-23-8,"alcohol, pungent",519,536,627,1037
dimethyl sulfide,75-18-3,"cabbage, sulfur, gasoline",527,505,596,716
ethyl formate,109-94-4,pungent,530,547,591,848
methyl ethyl ketone,78-93-3,ether,580,597,688,945
methyl ethyl sulfide,624-89-5,"sulfur, garlic",592,609,700,957
hexane,110-54-3,alkane,600,600,600,600
ethyl acetate,141-78-6,pineapple,602,628,719,907
methylbutenol,115-18-4,herb,603,620,711,968
pentanone,96-22-0,ether,619,636,727,984
isobutanol,78-83-1,"wine, solvent, bitter",630,647,738,1099
trans-crotonaldehyde,123-73-9,flower,631,648,739,1047
methylpentanone,565-69-5,mint,638,655,746,1003
methylbutanal,96-17-3,"cocoa, almond",639,641,729,912
methylbutanal,590-86-3,malt,641,650,728,910
pyrrolidine,123-75-1,alkaline,643,660,751,1008
ethanol,64-17-5,sweet,649,668,759,929
thiophene,110-02-1,garlic,650,667,734,991
propanoic acid,79-09-4,"pungent, rancid, soy",651,668,759,1523
diacetyl,431-03-8,butter,655,593,692,970
methyl methylbutanoate,556-24-1,apple,657,674,765,1022
butanol,71-36-3,"medicine, fruit",658,675,783,1145
butanol,78-92-2,wine,659,676,767,1024
mercaptoacetaldehyde,4124-63-4,cabbage,660,677,768,1025
butanal,123-72-8,"pungent, green",662,596,687,832
pentenone,1629-58-9,"fish, pungent",663,680,775,973
methyl methylpropanoate,547-63-7,flower,668,685,744,927
methyl thiocyanate,556-64-9,sulfur,668,685,776,1033
"2,3-pentadione",600-14-6,"cream, butter",669,700,791,1054
pentenol,616-25-1,"butter, pungent",669,686,777,1157
butyric acid,107-92-6,"rancid, cheese, sweat",681,820,1000,1619
hexanone,589-38-8,"ether, grape",695,712,803,1060
"alpha,γ-dimethylallyl alcohol",1569-50-2,"green, vinyl",695,712,803,1060
ethyl propionate,105-37-3,fruit,696,713,765,951
heptane,142-82-5,alkane,700,700,700,700
acetoin,513-86-0,"butter, cream",701,718,809,1287
methyl butanoate,623-42-7,"ether, fruit, sweet",706,723,814,990
acetic acid,64-19-7,sour,710,600,809,1450
diethyl acetal,105-57-7,"fruit, cream",717,734,825,900
2-methyl-1-butanol,1565-80-6,malt,722,739,852,1109
dimethyl disulfide,624-92-0,"onion, cabbage, putrid",725,785,794,1071
hexanone,591-78-6,ether,726,792,883,1140
methyl-2-butenal,1115-11-3,"green, fruit",736,753,844,1101
3-methyl-1-butanol,123-51-3,"whiskey, malt, burnt",736,736,844,1205
pentanone,107-87-9,"ether, fruit",737,711,802,983
pentenal,1576-87-0,"strawberry, fruit, tomato",737,754,867,1131
2-methyl-1-butanol,137-32-6,"wine, onion",738,755,846,1208
pentanol,584-02-1,fruit,742,759,850,1107
fucoserratene,33580-05-1,"green, plastic",743,760,851,1108
hexenone,1629-60-3,"cooked vegetable, metal",747,775,865,1106
methylthiophene,554-14-3,sulfur,748,765,827,1084
pentanol,71-41-0,balsamic,749,766,857,1255
(Z)-2-penten-1-ol,1576-95-0,"green, plastic, rubber",750,767,858,1115
epoxylinalool,14049-11-7,flower,750,767,858,1115
methylpentanol,590-36-3,pungent,751,768,859,1116
toluene,108-88-3,paint,756,773,785,1042
isobutyl acetate,110-19-0,"fruit, apple, banana",759,776,867,1015
methyl-2-butenol,556-82-1,herb,762,779,870,1127
methyl methylbutyrate,868-57-5,apple,764,776,837,1015
ethyl isobutyrate,97-62-1,"sweet, rubber",767,756,808,955
1-hexenol,4798-44-1,green,772,789,880,
hexanal,66-25-1,"grass, tallow, fat",772,801,881,1084
4-methyl-3-penten-2-one,141-79-7,"sweet, chemical",781,798,889,1139
3-hexenal,6789-80-6,"leaf, green",783,800,884,1146
thiophane,110-01-0,cabbage,785,802,893,1150
m-xylene,108-38-3,plastic,785,802,893,1150
hydroxypentanone,3142-66-3,"herb, truffle",786,803,894,1151
mercaptobutanone,40789-98-8,onion,787,804,895,1152
isobutyraldehyde,78-84-2,"pungent, malt, green",789,662,753,821
ethyl butyrate,105-54-4,apple,789,804,863,1028
butanediol,513-85-9,"fruit, onion",789,806,897,1583
pentanal,110-62-3,"almond, malt, pungent",791,732,767,935
propyl propanoate,106-36-5,pineapple,795,812,903,1160
nonenone,5009-32-5,baked,795,812,903,1160
octane,111-65-9,alkane,800,800,800,800
butyl acetate,123-86-4,pear,800,816,907,1075
furfural,98-01-1,"bread, almond, sweet",800,829,965,1455
methylbutenthiol,5287-45-6,"amine, smoke",804,821,874,1098
hydroxypentanone,5704-20-1,"truffle, earth, nut",805,822,913,1170
azine,110-86-1,rancid,805,822,913,1170
methyl pyrazine,109-08-0,popcorn,811,828,919,1176
ethoxypropanol,111-35-3,fruit,816,833,924,1181
1-(methylthio)ethanethiol,31331-53-0,thiamin,826,843,934,1191
2-hexenal,6728-26-3,"apple, green",826,854,957,1220
(E)-2-hexenal,85761-70-2,"green, leaf",827,844,935,1192
(2S)-2-methyl-ethyl ester-butanoic acid,10307-61-6,apple,831,848,939,1042
isopropyl butanoate,638-11-9,"pungent, fruit",832,847,938,1195
furfuryl alcohol,98-00-0,burnt,834,851,942,1199
ethyl methylbutyrate,7452-79-1,apple,835,846,907,1050
ethyl 3-methylbutanoate,108-64-5,fruit,837,854,909,1060
2-hexenal,505-57-7,"fat, rancid",839,856,947,1204
isovaleric acid,503-74-2,"sweat, acid, rancid",840,877,1040,1665
methylfuranthiol,28588-74-1,meat,844,868,924,1307
(Z)-3-hexenol,928-96-1,grass,844,858,971,1391
methylbutanone,563-80-4,camphor,849,866,957,1214
heptenone,2918-13-0,metal,856,873,964,1221
methylbutyric acid,116-53-0,"cheese, sweat",856,873,1040,1662
hexanol,111-27-3,"resin, flower, green",858,851,990,1360
heptanol,589-82-2,herb,860,877,968,1225
dimethylthiazole,541-58-2,"rubber, mold",861,878,969,1226
isoamyl acetate,123-92-2,banana,862,876,938,1117
2-methylbutyl acetate,624-41-9,fruit,863,880,971,1116
2-hexenol,928-94-9,"leaf, green, wine, fruit",863,880,971,1228
methional,3268-49-3,cooked potato,864,909,1041,1458
o-picoline,109-06-8,sweat,869,886,977,1234
"allyl isothiocyanate, allyspol",57-06-7,"sulfur, pungent, garlic",870,887,978,1235
(E)-2-hexenol,928-95-0,"green, leaf, walnut",870,853,944,1377
o-xylene,95-47-6,geranium,871,888,979,1183
heptanone,110-43-0,soap,872,895,975,1170
mercaptopentanone,67633-97-0,"sulfur, onion, meat",875,898,978,1235
styrene,100-42-5,"balsamic, gasoline",876,893,984,1241
acetylfuran,1192-62-7,balsamic,876,893,1233,1490
methyl-2-(methylthio)acetate,16630-66-3,"cooked potato, roasted nut",877,894,985,1242
propyl butyrate,105-66-8,"pineapple, solvent",881,880,971,1228
ethyl valerate,539-82-2,"yeast, fruit",883,900,962,1133
mercaptopentanone,17042-24-9,roasted meat,883,900,991,1248
methyltetrahydrofuranthiol,26548-78-7,onion,884,901,992,1315
heptanal,111-71-7,"fat, citrus, rancid",885,903,985,1174
4-heptenal,6728-31-0,"biscuit, cream",885,902,983,1230
bornyl methyl ether,10395-54-7,"earth, must",887,904,995,1252
dimethyl pyrazine,123-32-0,"cocoa, roasted nut, roast beef, medicine",888,905,996,1253
dimethyl pyrazine,108-50-9,"roasted nut, cocoa, roast beef",889,913,991,1308
ethyl pyrazine,13925-00-3,"peanut butter, wood",890,907,1097,1354
caproic acid,142-62-1,sweat,890,1019,1186,1829
"2,4-hexadienal",80466-34-8,green,893,910,1001,1258
pentanoic acid,109-52-4,sweat,894,911,1084,1090
dimethyl pyrazine,5910-89-4,"nut, peanut butter, cocoa, meat",894,892,983,1240
4-methylhexanol,818-49-5,sweat,894,911,1002,1259
fufuryl mercaptan,98-02-2,"coffee, roast",895,912,985,1432
1-cyclohexen-3-one,930-68-7,pesticide,897,914,1005,1262
acetylpyrroline,85213-22-5,"nut, roast",898,923,1013,1320
nonane,111-84-2,alkane,900,900,900,900
methoxymethylbutanethiol,94087-83-9,"cat, black currant",900,917,984,1221
ethyl mercaptopropionate,19788-49-9,sulfur,901,918,1009,1266
dimethylthiazole,3581-91-7,"roast, smoke",906,928,1019,1276
dimethyl sulfone,67-71-0,"sulfur, burnt",908,925,1016,1273
hexanethiol,111-31-9,sulfur,908,925,1016,1273
heptanol,543-49-7,mushroom,908,925,1016,1273
methyl hexanoate,106-70-7,"fruit, fresh, sweet",917,1000,988,1188
methyldihydrofuranthiol,26486-13-5,meat,919,936,1027,1284
methylthiazoline,52558-99-3,garlic,919,936,1027,1438
2-ethylpyridine,100-71-0,grass,921,938,1029,1286
α-pinene,80-56-8,"pine, turpentine",926,939,945,1032
mercaptomethylpentanone,75832-79-0,black currant,927,944,1063,1368
methyl-p-xylene,95-63-6,plastic,928,945,1036,1293
ethyl 3-hydroxybutanoate,5405-41-4,marshmallow,928,935,1026,1524
butyl isothiocyanate,592-82-5,"sulfur, pungent, green",929,946,1037,1294
α-thujene,2867-05-2,"wood, green, herb",930,938,1029,1021
2-pentanol,6032-29-7,green,933,950,861,1118
2-hepten-1-al,2463-63-0,green,934,951,1042,1299
heptenal,18829-55-5,"soap, fat, almond",940,957,1062,1243
benzaldehyde,100-52-7,"almond, burnt sugar",943,960,1051,1495
heptanol,111-70-6,"chemical, green",945,962,1210,1467
methionol,505-10-2,"sweet, potato",945,978,1069,1723
octanone,106-68-3,"herb, butter, resin",948,965,1056,1244
dimethyl trisulfide,3658-80-8,"sulfur, fish, cabbage",949,974,1038,1377
3-mercaptothiophene,7774-73-4,cooked meat,950,967,1058,1315
ethyl isohexanoate,25415-67-2,fruit,951,968,924,1181
dimethylfuranthiol,55764-23-3,meat,951,968,1022,1279
4-methylthio-2-butanone,34047-39-7,fruit,952,969,1060,1317
methyldihydrothiophenone,13679-85-1,"cabbage, onion, must",952,998,1089,1506
filbertone,102322-83-8,"hazelnut, nut",955,972,1063,1287
mercaptomethylbutanol,34300-94-2,meat broth,955,972,1127,1655
octenone,4312-99-6,"mushroom, metal",956,976,1058,1313
(E)-2-penten-1-ol,1576-96-1,mushroom,956,973,1064,1321
camphene,79-92-5,camphor,957,953,1044,1075
octenol,3391-86-4,mushroom,958,982,1079,1394
5-methylfurfural,620-02-0,"almond, caramel, burnt sugar",961,978,1069,1560
phenol,108-95-2,phenol,963,980,1222,1479
methylisohexenyl ketone,110-93-0,"pepper, mushroom, rubber",965,974,1065,1336
octadienone,65767-22-8,"geranium, metal",966,983,1085,1282
sabinene,3387-41-5,"pepper, turpentine, wood",970,972,1003,1123
"1,5-octadien-3-ol",83861-74-9,"earth, herb",971,988,1079,1336
"1,5-octadienone",359794-78-8,"earth, must",971,988,1084,1341
"2,3-dehydro-1,8-cineole",92760-25-3,"mint, lemon",975,992,940,1197
pentylfuran,3777-69-3,"green bean, butter",976,993,1084,1240
ethylmethyl pyrazine,13360-64-0,"fruit, sweet",976,993,1084,1341
trimethylthiazole,13623-11-5,earth,978,995,1072,1370
2-formylthiophene,98-03-3,sulfur,978,995,1133,1390
octanal,124-13-0,"fat, soap, lemon, green",982,1006,1096,1280
octanone,111-13-7,"soap, gasoline",982,999,1090,1285
methyldithiolane,5616-51-3,sulfur,982,999,1090,1347
"2,4-heptadienal",4313-02-4,fried,983,1000,1117,1373
trimethyl-pyrazine,14667-55-1,"roast, potato, must",983,1000,1078,1395
ethyl hexanoate,123-66-0,"apple peel, fruit",984,1002,1054,1220
2-methyl anisole,578-58-5,"warm, flower, walnut",984,1001,1092,1349
β-pinene,127-91-3,"pine, resin, turpentine",985,981,994,1116
2-octanol,123-96-6,"mushroom, fat",987,984,1075,1332
β-carene,554-60-9,orange peel,987,1004,1095,1352
hexenyl acetate,3681-71-8,"green, banana",988,1009,1081,1327
(+)-α-phellandrene,2243-33-6,dill,989,1006,1033,1290
myrcene,123-35-3,"balsamic, must, spice",990,992,1020,1145
ethyl lactate,97-64-3,fruit,993,1010,1101,1358
"2,4-heptadienal",4313-03-5,"nut, fat",994,1011,1130,1401
octanol,589-98-0,"moss, nut, mushroom",995,981,1072,1388
acetylpyridine,1122-62-9,popcorn,995,1012,1328,1585
hexyl acetate,142-92-7,"fruit, herb",997,1014,1084,1270
"2,3,4,5-tetrahydroanisole",931-57-7,"herb, spice",997,1014,1105,1362
5-(methylthio)-valeronitrile,59121-25-4,"broccoli, cabbage",998,1015,1106,1363
methylfurfurylthiol,59303-05-8,"sulfur, roast",999,1016,1107,1527
decane,124-18-5,alkane,1000,1000,1000,1000
"1,4-cineole",470-67-7,spice,1001,1018,929,1186
β-cubebene,13744-15-5,"citrus, fruit",1001,1018,1109,1546
acetylthiazole,24295-03-2,"roast, nut, sulfur",1003,1020,1140,1624
phenylethanal,122-78-1,"hawthorne, honey, sweet",1004,1049,1174,1625
mercaptomethylbutyl formate,50746-10-6,"cat, roast",1006,1023,1138,1521
acetylpyrazine,22047-25-2,roast,1006,1023,1118,1605
propionylpyrroline,133447-37-7,roast,1007,1024,1104,1408
α-phellandrene,99-83-2,"turpentine, mint, spice",1009,1007,1029,1166
Propionylpyrrole,1073-26-3,"roast, popcorn",1009,1026,1104,1361
"(+)-limonene,",5989-27-5,"citrus, mint",1013,1030,1055,1201
"1,8-cineole",470-82-6,"mint, sweet",1015,1030,1087,1213
2-ethylhexanol,104-76-7,"rose, green",1015,1032,1123,1487
δ-3-carene,13466-78-9,"lemon, resin",1017,1009,1100,1148
"2-acetyl-1,4,5,6-tetrahydropyridine",25343-57-1,caramel,1018,1049,1140,1332
methylethylpyrazine,33504-66-4,sweat,1018,1035,1126,1383
α-terpinene,99-86-5,lemon,1020,1012,1103,1178
benzylmethyl ether,538-86-3,metal,1021,1038,1129,1386
(E)-3-hexenol,928-97-2,"moss, fresh",1021,1038,1129,1386
limonene,138-86-3,"lemon, orange",1022,1033,1056,1178
ethyl hydroxybutanoate,999-10-0,caramel,1022,1039,1130,1387
3-octenone,51193-77-2,nut,1023,1040,1131,1285
isopropyl hexanoate,2311-46-8,fresh,1023,1040,1131,1388
3-octen-2-one,1669-44-9,"nut, crushed bug",1023,1040,1131,1388
furaneol™,3658-77-3,caramel,1023,1064,1235,2043
methyl octanoate,111-11-5,orange,1024,1041,1132,1389
acetophenone,98-86-2,"must, flower, almond",1024,1041,1208,1645
p-cymene,99-87-6,"solvent, gasoline, citrus",1025,1027,1076,1261
"(Z)-ocimene,",3338-55-4,"citrus, herb, flower",1026,1043,1134,1245
isobutyl thiazole,18640-74-9,"tomato leaf, green",1026,1043,1134,1391
4-mercapto-4-methyl-2-pentanone,19872-52-7,box tree,1026,1043,1134,1391
butyl methylbutyrate,15706-73-7,"fruit, cocoa",1027,1043,1134,1391
norfuraneol,19322-27-1,caramel,1027,1044,1263,2113
2-acetylpyrrole,1072-83-9,"nut, walnut, bread",1028,1045,1136,1393
methylethyl pyrazine,15707-23-0,roast,1030,1047,1138,1395
methyl-thiophenethiol,2527-76-6,medicine,1030,1047,1138,1395
2-octenal,2548-87-0,"green, nut, fat",1031,1060,1168,1345
5-isopropyl-2-methylpyrazine,13925-05-8,sweat,1031,1048,1139,1396
2-octenal,20664-46-4,"green leaf, walnut",1032,1049,1151,1320
dimethylmethoxyfuranone,4077-47-8,"caramel, sweet, mildew",1032,1049,1323,1580
β-phellandrene,555-10-2,"mint, terpentine",1035,1053,1059,1209
ocimene,27400-71-1,herb,1035,1052,968,1225
dihydrolinalool,18479-49-7,"wood, citrus, camphor",1035,1052,1192,1449
6(10)-dihydromyrcenol,18479-58-8,"tart lime, citrus, cologne",1036,1053,1216,1473
dimethylheptenal,106-72-9,"fruit, green, melon",1039,1056,1147,1404
α-ocimene,502-99-8,"fruit, wet cloth",1039,1056,1147,1404
(E)-β-ocimene,3779-61-1,"sweet, herb",1043,1038,1129,1242
2-octenal,2363-89-5,green,1043,1060,1151,1408
artemisia ketone,546-49-6,"green, herb",1045,1062,1153,1410
"2-methoxy-3,6-dimethylpyrazine",19846-22-1,earth,1048,1065,1156,1413
"p, a -dimethylstyrol",27576-03-0,gasoline,1052,1069,1160,1432
cis-sabinene hydrate,15537-55-0,balsamic,1056,1073,1164,1421
guaiacol,90-05-1,"smoke, sweet, medicine",1056,1089,1224,1859
γ-terpinene,99-85-4,"gasoline, turpentine",1058,1074,1089,1238
hydroxydimethylcyclopentenone,21835-00-7,caramel,1058,1075,1226,1840
p-cresol,106-44-5,"medicine, phenol, smoke",1058,1075,1321,2067
nonenone,24415-26-7,"pungent, mushroom",1059,1076,1148,1405
ethyldimethylthiazole,38205-61-7,earth,1061,1078,1149,1435
"2,5-dimethyl-3-ethylpyrazine",13360-65-1,"potato, roast",1062,1082,1136,1435
dihydromyrcenol,18479-58-8,"tart lime, citrus, cologne",1063,1080,1181,1438
sotolon,28664-35-9,"cotton candy, spice, maple",1063,1107,1347,2205
thenylthiol,6258-63-5,sulfur,1064,1081,1172,1429
methyl benzoate,93-58-3,"prune, lettuce, herb, sweet",1064,1103,1194,1600
ethyldimethylpyrazine,13925-07-0,potato,1066,1083,1151,1449
ethyldimethylpyrazine,15707-34-3,"burnt, popcorn",1067,1084,1146,1403
artemisia alcohol,29887-38-5,herb,1067,1084,1175,1432
m-cresol,108-39-4,"fecal, plastic",1067,1084,1175,2115
dimethylethyl pyrazine,13925-07-0,roast,1069,1086,1154,1455
durene,95-93-2,"rancid, sweet",1070,1087,1178,1435
maltol,118-71-8,caramel,1070,1087,1698,1955
(Z)-linalool oxide,5989-33-3,flower,1071,1070,1161,1420
octanol,111-87-5,"chemical, metal, burnt",1071,1072,1163,1553
2-pentylthiophene,4861-58-9,"sweet, fruit",1073,1090,1181,1438
acetylthiophene,88-15-3,sulfur,1073,1090,1240,1785
pentyl butanoate,540-18-1,banana,1077,1094,1185,1442
"3,5-octadienone",38284-27-4,"fruit, fat, mushroom",1078,1095,1193,1432
3-nonenal,31823-43-5,cucumber,1079,1096,1186,1345
nonanal,124-19-6,"fat, citrus, green",1079,1104,1195,1385
propyl hexanoate,626-77-7,fruit,1080,1097,1188,1445
2-phenylethyl alcohol,60-12-8,"honey, spice, rose, lilac",1080,1118,1272,1925
3-nonenal,109351-28-2,fat,1083,1100,1191,1351
isopropylmethoxypyrazine,25773-40-4,"pea, earth",1083,1097,1151,1427
"3,6-nonadienal",21944-83-2,"fat, soap",1083,1100,1187,1444
ethyl heptylate,106-30-9,fruit,1083,1100,1191,1448
2-methyl-2-(methyldithio)propanal,67952-60-7,"smoke, fat",1084,1101,1192,1570
hotrienol,20053-88-7,hyacinth,1084,1101,1366,1623
linalool,78-70-6,"flower, lavender",1085,1100,1202,1537
ethenyl-dimethylpyrazine,157615-33-3,earth,1085,1102,1183,1553
"2,4-octadienal",30361-28-5,"green, seaweed, cucumber",1087,1110,1247,1605
octenol,18409-17-1,"soap, plastic",1087,1104,1195,1610
acetylthiazoline,29926-41-8,"roast, popcorn",1088,1105,1246,1767
δ-terpinene,586-62-9,"pine, plastic",1089,1090,1112,1284
(E)-linalool oxide,34995-77-2,flower,1089,1172,1263,1449
(+)-cis-rose oxide,876-17-5,"green, flower",1092,1109,1081,1338
nonanone,821-55-6,"hot milk, soap, green",1093,1093,1184,1388
trans-sabinene hydrate,17699-16-0,"wood, balsamic",1093,1110,1201,1458
(-)-cis-rose oxide,3033-23-6,"sweet, rose",1094,1117,1169,1337
methyl cinnamate,103-26-4,strawberry,1096,1379,1470,2056
p-menthatriene,18368-95-1,turpentine,1098,1115,1158,1375
(methylbutenyl)-methylfuran,15186-51-3,mint,1099,1116,1207,1464
undecane,1120-21-4,alkane,1100,1100,1100,1100
α-p-dimethylstyrene,1195-32-0,"citrus, pine",1101,1118,1157,1414
formylmethyl thiophene,13679-70-4,sulfur,1102,1119,1272,1785
4-ethyl-6-hepten-3-one,131671-56-2,fish,1103,1120,1211,1468
"(E)-p-mentha-2,8-dien-1-ol",7212-40-0,"fresh, mint",1105,1122,1213,1470
pinenol,168564-54-3,"must, dust",1106,1123,1214,1471
perillen,539-52-6,wood,1109,1126,1038,1295
menthone,89-80-5,"fresh, green",1109,1126,1217,1474
octenhydroperoxide,72755-76-1,"metal, mushroom",1110,1127,1267,1524
"2-acetyl-3,4,5,6-tetrahydropyridine",27300-27-2,caramel,1110,1127,1362,1619
(E)-rose oxide,5258-11-7,flower,1111,1134,1183,1373
γ-heptalactone,105-21-5,"nut, fat, fruit",1113,1130,1513,1770
nerol oxide,1786-08-9,"oil, flower",1114,1131,1222,1479
limonene oxide,1195-92-2,fruit,1115,1132,1223,1428
ethyl cyclohexanoate,3289-28-9,fruit,1116,1133,1209,1429
methyl cyclohexanecarboxylate,4630-82-4,"fruit, ester",1116,1133,1209,1466
4-mercapto-4-methyl-2-pentanol,31539-84-1,"flower, lemon",1116,1133,1224,1481
benzyl alcohol,100-51-6,"sweet, flower",1117,1039,1220,1865
(Z)-limonene oxide,13837-75-7,"fresh, citrus",1119,1137,1228,1467
3-terpinen-1-ol,586-82-3,must,1120,1137,1332,1589
2-nonenal,60784-31-8,"orris, fat, cucumber",1121,1147,1241,1510
(E)-limonene oxide,4959-35-7,"fresh, citrus",1122,1142,1233,1480
(+)-(E)-limonene oxide,6909-30-4,green,1122,1139,1230,1490
camphor,76-22-2,camphor,1122,1139,1230,1491
fenchyl alcohol,1632-73-1,camphor,1122,1139,1230,1574
ethyl-4-hydroxymethyl- 3(2H)-Furanone,110516-60-4,caramel,1122,1139,1303,2087
pentyl methylbutyrate,68039-26-9,apple,1123,1140,1231,1488
α-fenchyl alcohol,14575-74-7,camphor,1123,1140,1300,1557
α-fenchyl alcohol,14575-74-7,camphor,1123,1140,1300,1557
menthone,10458-14-7,mint,1125,1142,1233,1490
β-terpineol,138-87-4,must,1127,1144,1389,1646
methylcyclopentapyrazine,65128-99-6,roast,1128,1145,1260,1517
p-2-menthen-1-ol,619-62-5,herb,1128,1145,1281,1538
(E)-2-nonenal,18829-56-6,"cucumber, fat, green",1130,1162,1282,1527
3-(acetylthio)-2-methylfuran,55764-25-5,roasted meat,1130,1147,1238,1700
octyl acetate,2051-50-5,fruit,1132,1149,1240,1497
sesquiphellandrene,73744-93-1,"sweet, fruit, herb",1132,1149,1240,1780
citronellal,106-23-0,fat,1134,1159,1246,1488
2-nonenal,2463-53-8,paper,1137,1154,1245,1502
nonanol,143-08-8,"fat, green",1137,1154,1245,1502
"2,6-nonadienal",557-48-2,"cucumber, wax, green",1137,1154,1260,1575
acetylmethylcyclohexene,70286-20-3,spice,1141,1158,1249,1539
homofuraneol,27538-10-9,caramel,1142,1159,1310,2087
diethylmethylpyrazine,18138-05-1,baked,1143,1160,1251,1508
4-pentenyl isothiocyanate,18060-79-2,"mustard, horseradish",1144,1161,1252,1509
benzyl acetate,140-11-4,"fresh, boiled vegetable",1147,1162,1253,1510
diethylmethyl pyrazine,18138-04-0,"potato, meat, roast",1147,1158,1218,1535
methyldithiofurane,65505-17-1,"thiamin, meat",1150,1172,1263,1520
methyl-(methyldithio)furan,65505-17-1,"cooked meat, thiamin",1150,1170,1261,1667
diethyl succinate,123-25-1,"wine, fruit",1150,1167,1258,1689
"2,6-nonadienol",7786-44-9,cucumber,1150,1167,1258,1755
nonadienol,28069-72-9,cucumber,1150,1167,1258,1771
cis-isocitral,72203-97-5,green,1151,1168,1259,1516
camphene hydrate,465-31-6,camphor,1152,1169,1260,1517
pinocarveol,4955-29-7,flower,1152,1169,1375,1632
ethylphenol,620-17-7,must,1152,1169,1395,2170
l-menthol,2216-51-5,peppermint,1154,1171,1369,1626
ethylbenzaldehyde,4748-78-1,sweet,1154,1171,1262,1753
isoborneol,124-76-5,"must, camphor",1157,1158,1249,1506
butylmethoxypyrazine,24168-70-5,"carrot, earth",1159,1176,1223,1500
phenylethylthiol,4410-99-5,rubber,1159,1176,1267,1622
(epoxymethylbutyl)-methylfuran,92356-06-4,"green, earth, citrus",1161,1178,1269,1526
(Z)-3-hexenyl butanoate,16491-36-4,"wine, green",1161,1178,1269,1526
ethenyl-ethylmethylpyrazine,181589-32-2,earth,1163,1180,1250,1587
S-(2-furfuryl)-ethanethioate,13678-68-7,roast,1163,1180,1271,1785
epoxy-2-octenal,134452-45-2,metal,1164,1181,1330,1587
methylisoborneol,2371-42-8,"earth, must",1165,1182,1273,1587
dimethyloctadienal,72203-98-6,green,1166,1183,1274,1531
hexyl butanoate,2639-63-6,apple peel,1168,1185,1276,1533
ethyl benzoate,93-89-0,"camomile, flower, celery, fruit",1168,1185,1276,1648
lavandulol,498-16-8,herb,1169,1186,1420,1677
dill ether,74410-10-9,dill,1170,1187,1272,1529
2-nonanol,628-99-9,cucumber,1170,1187,1278,1535
(Z)-3-hexenyl-2-methylbutanoate,53398-85-9,"herb, sweet",1174,1191,1282,1539
4-acetyltoluene,122-00-9,bitter almond,1174,1191,1332,1759
pentylpyridine,2294-76-0,fat,1175,1192,1032,1289
isobutylmethoxypyrazine,24683-00-9,"earth, spice, green pepper",1175,1186,1237,1510
butyl hexanoate,626-82-4,fruit,1175,1192,1283,1540
o-cresol,95-48-7,phenol,1175,1192,1283,2017
abhexone,698-10-2,spice,1176,1193,1433,2247
nitro-phenylethane,6125-24-2,"flower, spice",1177,1194,1285,1385
dihydrocarveol,619-01-2,"mint, spice",1177,1190,1281,1538
(Z)-dihydrocarvone,3792-53-8,"herb, warm",1178,1195,1286,1543
"(E,Z)-2,4-nonadienal",21661-99-4,"geranium, pungent",1179,1196,1287,1544
carveol,99-48-9,"fresh, spearmint, caraway",1180,1197,1288,1545
borneol,507-70-0,camphor,1180,1162,1253,1677
ethyl octanoate,106-32-1,"fruit, fat",1182,1198,1260,1436
1-terpinen-4-ol,562-74-3,"turpentine, nutmeg, must",1182,1179,1273,1591
neoisomenthol,491-02-1,menthol,1182,1199,1389,1646
(Z)-4-decenal,21662-09-9,"green, must",1183,1200,1291,1544
"2,4-nonadienal",6750-03-4,watermelon,1183,1200,1319,1549
estragole,140-67-0,"licorice, anise",1183,1200,1291,1655
ethyl octenoate,2351-90-8,"must, oil, fruit, pungent",1185,1202,1293,1550
(E)-dihydrocarvone,5948-04-9,"warm, herb",1185,1202,1293,1550
6-decenal,105683-99-6,"tallow, green",1186,1203,1294,1233
decanal,112-31-2,"soap, orange peel, tallow",1186,1209,1303,1484
6-decenal,147159-48-6,cucumber,1186,1203,1300,1557
dimethyl tetrasulfide,5756-24-1,"cabbage, sulfur",1188,1232,1323,1580
linalool oxide,1365-19-1,"flower, wood",1195,1212,1166,1423
isodihydrocarveol,18675-35-9,"wood, spice",1197,1214,1305,1562
naphthalene,91-20-3,tar,1197,1214,1461,1718
isobutyric acid,79-31-2,"rancid, butter, cheese",1198,1215,1306,1563
dodecane,112-40-3,alkane,1200,1200,1200,1200
"2,4-nonadienal",5910-87-2,"fat, wax, green",1200,1217,1339,1709
p-cymenol,1197-01-9,"citrus, must",1200,1166,1343,1838
(E)-carveol,1197-07-5,"caraway, solvent",1200,1217,1360,1839
(Z)-piperitol,491-04-3,herb,1203,1220,1394,1651
linalyl formate,115-99-1,"citrus, coriander",1206,1223,1313,1570
methyl nonanoate,1731-84-6,coconut,1207,1224,1315,1572
(-)-carvone,6485-40-1,mint,1210,1254,1345,1751
diethyl malonate,105-53-3,apple,1211,1228,1319,1576
syntexan,67-68-5,garlic,1211,1228,1319,1576
furfurylmethyldisulphide,57500-00-2,smoke,1212,1229,1320,1820
(Z)-carveol,1197-06-4,caraway,1212,1229,1320,1846
myrtenal,23727-16-4,spice,1216,1233,1324,1596
piperitol,16721-39-4,herb,1216,1233,1396,1653
methyl salicylate,119-36-8,peppermint,1217,1234,1488,1745
epoxy-p-menthene,13955-48-1,"mint, dill",1218,1235,1315,1572
γ-octalactone,104-50-7,coconut,1220,1261,1475,1881
hexyl methylbutyrate,10032-15-2,strawberry,1222,1239,1330,1587
benzothiazole,95-16-9,"gasoline, rubber",1223,1240,1331,1588
phenyl cyanide,100-47-0,rancid,1226,1243,1334,1591
3-mercaptohexyl-acetate,136954-20-6,box tree,1227,1244,1478,1735
piperitone,89-81-6,"mint, fresh",1228,1245,1336,1593
isobornyl formate,1200-67-5,"green, earth, camphor",1228,1245,1339,1596
citronellol,106-22-9,rose,1229,1233,1344,1762
dihydromethylcyclopentapyrazine,23747-48-0,"roast, nut",1231,1248,1339,1596
neral,106-26-3,lemon,1231,1247,1383,1667
chavicol,501-92-8,"medicine, phenol",1232,1249,1340,1597
β-cyclocitral,432-25-7,mint,1233,1250,1341,1598
2-decenal,2497-25-8,tallow,1233,1250,1341,1601
2-decenal,3913-71-1,orange,1233,1250,1354,1611
β-phenethyl acetate,103-45-7,"rose, honey, tobacco",1233,1260,1356,1829
2-decenal,3913-81-3,tallow,1234,1262,1368,1590
nerol,106-25-2,sweet,1234,1233,1353,1770
(R)-linden ether,125811-37-2,mint,1235,1252,1330,1587
ethyl phenylacetate,101-97-3,"fruit, sweet",1235,1252,1343,1600
hydrocinnamic alcohol,122-97-4,"cinnamon, anise, fruit",1235,1252,1343,1600
methylnonanedione,113486-29-6,"straw, fruit",1236,1253,1397,1700
DL-carvone,99-49-0,"mint, basil, fennel",1236,1253,1383,1720
phenylacetic acid,103-82-2,"honey, flower",1236,1262,1353,2551
citral,5392-40-5,lemon,1237,1254,1345,1602
isogeraniol,5944-20-7,rose,1237,1254,1525,1782
(+)-carvone,2244-16-8,caraway,1238,1255,1382,1639
bornyl formate,7492-41-3,green,1239,1256,1353,1610
p-anisyl alcohol,105-13-5,flower,1241,1258,1349,1606
sulfurol,137-00-8,sulfur,1241,1258,1349,1606
cumin aldehyde,122-03-2,"acid, sharp",1241,1224,1315,1759
linalyl acetate,115-95-7,"sweet, fruit",1244,1261,1352,1569
perilla aldehyde,2111-75-3,spice,1245,1271,1362,1818
p-anisaldehyde,123-11-5,"mint, sweet",1246,1263,1424,1681
decanol,112-30-1,fat,1252,1263,1354,1765
o-aminoacetophenone,551-93-9,"foxy, sweet",1252,1309,1400,2223
isopulegyl acetate,89-49-6,"mint, leaf",1258,1275,1328,1585
geranial,141-27-5,"lemon, mint",1258,1277,1416,1715
geraniol,106-24-1,"rose, geranium",1258,1276,1367,1847
nonanoic acid,112-05-0,"green, fat",1258,1275,1366,2202
benzoic acid,65-85-0,urine,1259,1276,1367,1624
epoxy-2-nonenal,128386-31-2,metal,1262,1279,1434,1691
octanoic acid,124-07-2,"sweat, cheese",1262,1279,1370,2083
safrole,94-59-7,"spice, sweet, warm",1263,1280,1371,1628
p-menthenethiol,71159-90-5,grapefruit,1266,1283,1348,1598
(E)-cinnamaldehyde,14371-10-9,"cinnamon, paint",1266,1283,1374,1631
"2,4-decadienal",65909-91-3,seaweed,1267,1284,1375,1632
4-ethylguaiacol,2785-89-9,"spice, clove",1270,1287,1424,2031
5-octanolide,698-76-0,peach,1271,1288,1515,1924
methyl quinoxaline,7251-61-8,"roast, nut, fruit",1272,1289,1380,1637
indole,120-72-9,"mothball, burnt",1275,1292,1524,2450
"1,3-p-menthadien-7-al",1197-15-5,"fat, spice",1276,1293,1415,1672
undecanone,112-12-9,"orange, fresh, green",1279,1296,1388,1543
decadienal,25152-83-4,"fried, fat",1280,1297,1417,1710
dihydroterpinyl acetate,58985-18-5,"pine, citrus",1282,1299,1304,1561
γ-butyrolactone,96-48-0,"caramel, sweet",1282,1299,1390,1647
(Z)-β-Farnesene,28973-97-9,"citrus, green",1283,1300,1391,1648
safranal,116-26-7,"herb, sweet",1283,1300,1391,1648
methyl geranate,1189-09-9,"flower, green, fruit",1284,1301,1309,1566
nonyl acetate,143-13-5,"sweet, fruit",1285,1302,1393,1585
decadienal,25152-84-5,"fried, wax, fat",1288,1317,1434,1710
undecanaldehyde,112-44-7,"oil, pungent, sweet",1288,1291,1382,2444
α-terpineol,98-55-5,"oil, anise, mint",1289,1195,1300,1688
ethyl undecanoate,627-90-7,"cognac, coconut",1290,1307,1398,1655
isopentyldimethylpyrazine,18433-98-2,fruit,1295,1312,1403,1660
cinnamyl alcohol,104-54-1,oil,1295,1312,1403,2300
tridecane,629-50-5,alkane,1300,1300,1300,1300
perillaldehyde,18031-40-8,fat,1302,1319,1410,1765
(E)-oak lactone,39638-67-0,"coconut, flower",1304,1321,1412,1933
hydrocinnamic acid,501-52-0,balsamic,1304,1321,2393,2650
4-hexanolide,695-06-7,"coumarin, sweet",1306,1323,1414,1671
p-vinylguaiacol,7786-61-0,"clove, curry",1306,1323,1472,2198
methyl decanoate,110-42-9,wine,1307,1324,1334,1591
p-mentha-dien-hydroperoxide,32495-14-0,turpentine,1310,1327,1489,1746
ethylhydroxyhexanoate,2305-25-1,fresh,1312,1329,1420,1677
dimethoxytoluene,131092-10-9,hummus,1313,1330,1421,1678
oxodecanal,43160-78-7,fat,1316,1333,1424,1681
4-methylthiazole,693-95-8,roasted meat,1316,1333,1424,1681
benzyl butanoate,103-37-7,plum,1318,1335,1426,1683
dihydrocarvyl acetate,20777-49-5,"mint, camphor, medicine",1319,1336,1413,1670
δ-muurolene,120021-96-7,oil,1319,1336,1427,1684
methyl anthranilate,134-20-3,"honey, flower",1320,1337,2003,2260
p-methoxystyrene,637-69-4,sweet,1321,1338,1429,1686
p-menthadienhydroperoxide,77026-83-6,turpentine,1321,1338,1503,1760
heptyl 2-methylbutyrate,50862-12-9,apple,1322,1339,1430,1687
acetyloxy-dimethylfuranone,4166-20-5,caramel,1322,1339,1430,2005
cuminic alcohol,536-60-7,"wood, herb",1322,1284,1375,2058
δ-elemene,20307-84-0,wood,1323,1340,1431,1688
ethylfuranone,2313-01-1,spice,1325,1342,1433,1690
butyl benzoate,136-60-7,balsamic,1326,1343,1434,1691
α-cubebene,17699-14-8,"herb, wax",1328,1345,1436,1463
2-undecenal,2463-77-6,sweet,1333,1350,1455,1712
ethyl dihydrocinnamate,2021-28-5,flower,1334,1351,1442,1906
citronellyl acetate,150-84-5,"rose, dust",1335,1357,1448,1607
terpinyl acetate,80-26-2,wax,1335,1352,1443,1700
(E)-2-undecenal,53448-07-0,"soap, fat, green",1342,1366,1483,1760
neryl acetate,141-12-8,fruit,1345,1362,1485,1742
vanillin,121-33-5,vanilla,1345,1410,1635,2569
p-menthadienhydroperoxide,94268-57-2,turpentine,1348,1365,1549,1806
γ-nonalactone,104-61-0,"coconut, peach",1349,1366,1559,2042
α-copaene,3856-25-5,"wood, spice",1353,1377,1468,1488
undecanol,112-42-5,mandarin,1354,1371,1462,1719
acetylpyrrolizine,55041-85-5,medicine,1354,1371,1776,2033
decanoic acid,334-48-5,"rancid, fat",1356,1373,1464,2361
β-damascenone,23726-93-4,"apple. rose, honey",1363,1386,1498,1813
epoxy-2-decenal,134454-31-2,"metal, green",1363,1380,1554,2020
(Z)-3-hexenyl hexanoate,31501-11-8,"fruit, prune",1364,1381,1472,1729
p-menthadienhydroperoxide,77026-84-7,turpentine,1364,1381,1562,1819
geranyl acetate,105-87-3,rose,1365,1382,1473,1711
"(E,Z)-3,6-nonadien-1-ol",56805-23-3,fish,1366,1383,1474,1731
hexyl hexanoate,6378-65-0,"apple peel, peach",1369,1379,1470,1727
skatole,83-34-1,"mothball, fecal",1370,1387,1628,2484
butyl octanoate,589-75-3,fruit,1371,1388,1353,1610
styrene glycol,25779-13-9,sweet,1372,1389,1480,1737
dehydro-ar-ionene,30364-38-6,licorice,1372,1389,1480,1737
β-elemene,33880-83-0,"herb, wax, fresh",1376,1393,1484,1595
isobornyl propionate,2756-56-1,"fruit, turpentine",1376,1393,1419,1676
ethylfuranone,2407-43-4,spice,1380,1397,1488,1745
eugenol,97-53-0,"clove, honey",1381,1364,1500,2141
methylene bis(methyl sulfide),1618-26-4,"garlic, sulfur",1383,1400,1491,2009
ethyl decanoate,110-38-3,grape,1384,1398,1489,1636
cis-linalool pyran oxide,14009-71-3,"citrus, green",1385,1402,1493,1750
methyl eugenol,93-15-2,"clove, spice",1390,1407,1498,1755
lauric aldehyde,112-54-9,"lily, fat, citrus",1391,1409,1500,1722
decyl alcohol,112-17-4,"orange, oil",1394,1408,1499,1692
carvyl acetate,97-42-7,"green, spearmint",1394,1411,1502,1759
α-gurjunene,489-40-7,"wood, balsamic",1395,1412,1503,1760
geosmin,19700-21-1,"beet, earth",1395,1412,1513,1770
(E)-β-damascone,23726-91-2,apple,1398,1415,1506,1805
tetradecane,629-59-4,alkane,1400,1400,1400,1400
β-bourbonene,5208-59-3,herb,1400,1417,1328,1585
(-)-γ-elemene,29873-99-2,"green, wood, oil",1408,1425,1516,1636
α-ionone,127-41-3,"wood, violet",1408,1422,1552,1809
(E)-α-bergamotene,13474-59-4,"wood, warm, tea",1414,1431,1522,1779
β-selinene,17066-67-0,herb,1419,1436,1454,1711
ethyl salicylate,118-61-6,"wintergreen, mint",1419,1436,1527,1784
linalyl butyrate,78-36-4,"pear, sweet",1420,1437,1423,1680
isocaryophyllene,118-65-0,wood,1421,1438,1313,1570
coumarin,91-64-5,"green, sweet",1422,1439,1670,2465
γ-decalactone,706-14-9,"peach, fat",1424,1472,1697,2103
erucin,4430-36-8,cabbage,1430,1447,1538,1795
geranyl acetone,3796-70-1,"magnolia, green",1431,1448,1583,1840
α-guaiene,3691-12-1,"wood, balsamic",1436,1453,1544,1801
β-caryophyllene,87-44-5,"wood, spice",1438,1467,1558,1594
γ-selinene,515-17-3,wood,1438,1455,1546,1803
wine lactone,182699-77-0,"coconut, spice",1439,1456,1688,2209
δ-decalactone,705-86-2,coconut,1440,1525,1733,2216
isogeraniol,16750-94-0,rose,1447,1464,1555,1812
2-dodecenal,20407-84-5,"green, fat, sweet",1448,1462,1553,1807
butyl decanoate,30673-36-0,whiskey,1450,1467,1558,1815
cinnamic acid,140-10-3,honey,1450,1467,1791,2048
β-farnesene,18794-84-8,"wood, citrus, sweet",1451,1445,1536,1658
ethyl cinnamate,103-36-6,"honey, cinnamon",1452,1469,1560,2139
δ-decalactone,2825-91-4,peach,1452,1469,1560,2208
aromadendrene,489-39-4,wood,1458,1475,1343,1600
R-δ-decenolactone,54814-64-1,peach,1460,1477,1568,2241
linalyl isovalerate,1118-27-0,"sweet, apple, citrus",1461,1478,1441,1698
asaricin,18607-93-7,"spice, pepper",1462,1479,1570,1827
"ethyl-(E,Z)-2,4-decadienoate",3025-30-7,pear,1462,1479,1570,1832
elemicin,487-11-6,"spice, flower",1462,1514,1605,1862
β-guaiene,88-84-6,"wood, spice",1466,1483,1574,1831
β-ionone,79-77-6,"seaweed, violet, flower, raspberry",1466,1493,1620,1912
epoxy-2-undecenal,134346-43-3,metal,1467,1484,1652,2094
citronellyl isobutyrate,97-89-2,"fruit, rose",1469,1486,1448,1705
p-coumaric acid,501-98-4,balsamic,1469,1486,1577,1834
p-menth-1-en-9-yl acetate,28839-13-6,"fruit, herb",1469,1486,1577,1834
p-menth-1-en-9-ol,18479-68-0,"fruit, herb",1469,1486,1577,1904
α-humulene,6753-98-6,wood,1472,1467,1558,1663
valencene,4630-07-3,"green, oil",1473,1490,1581,1726
bornyl butyrate,13109-70-1,"herb, wood",1473,1490,1503,1760
undecylic acid,112-37-8,oil,1473,1490,1581,2407
isopiperitone,58615-39-7,"sweet, fruit",1476,1493,1584,1841
ethyl laurate,106-33-2,leaf,1477,1494,1585,1842
α-zingiberene,495-60-3,"spice, fresh, sharp",1477,1494,1585,1842
alloaromadendrene,25246-27-9,wood,1479,1496,1382,1639
γ-muurolene,30021-74-0,"herb, wood, spice",1488,1475,1566,1681
tridecanal,10486-19-8,"flower, sweet, must",1488,1503,1594,1824
methyl laurate,111-82-0,"fat, coconut",1492,1509,1600,1795
bis(2-methyl-3-furyl)disulphide,28588-75-2,roasted meat,1496,1540,1640,2150
raspberry ketone,5471-51-2,raspberry,1498,1515,1606,1863
pentadecane,629-62-9,alkane,1500,1500,1500,1500
germacrene D,23986-74-5,"wood, spice",1500,1487,1578,1705
bicyclogermacrene,24703-35-3,"green, wood",1500,1517,1608,1738
linalyl valerate,10471-96-2,"citrus, lavender",1500,1517,1508,1765
α-muurolene,10208-80-7,wood,1506,1523,1457,1714
berteroin,4430-42-6,cabbage,1507,1524,1615,1872
3-mercaptohexanol,51755-83-0,sulfur,1510,1527,1618,1875
citronellyl butyrate,141-16-2,"fruit, sweet, rose",1511,1528,1529,1786
bornyl isovalerate,76-50-6,"herb, earth, green",1512,1529,1517,1774
(-)-β-bisabolene,495-61-4,balsamic,1513,1498,1589,1714
myristicin,607-91-0,"spice, warm, balsamic",1515,1532,1673,1930
α-farnesene,502-61-4,"wood, sweet",1518,1500,1591,1725
cadinadiene,29837-12-5,"spice, fruit",1518,1527,1618,1786
(Z)-oak-lactone,55013-32-6,spice,1521,1538,1629,1886
γ-cadinene,39029-41-9,wood,1526,1543,1495,1752
elemol,639-99-6,"green, wood",1530,1547,1638,2089
δ-cadinene,483-76-1,"thyme, medicine, wood",1531,1519,1610,1749
geranyl butyrate,106-29-6,"fruit, rose, apple",1532,1549,1615,1872
α-curcumene,644-30-4,herb,1536,1553,1516,1773
caryophyllene alcohol,56747-96-7,"moss, earth, spice",1539,1556,1647,1904
β-sesquiphellandrene,20307-83-9,wood,1543,1560,1525,1782
germacrene B,15423-57-1,"wood, earth, spice",1544,1562,1653,1864
(Z)-nerolidol,3790-78-1,wax,1548,1565,1656,2010
hexyl octanoate,1117-55-1,"herb, green, oil",1549,1566,1657,1806
calamenene,483-77-2,"herb, spice",1549,1523,1614,1927
isopropyl benzoate,939-48-0,"sweet, fruit",1550,1567,1658,1915
12-methyltridecanal,75853-49-5,"cooked meat, tallow, fat, meat broth, sweat",1559,1576,1661,1863
lauryl alcohol,112-53-8,"fat, wax",1560,1577,1668,1972
nerolidol,40716-66-3,"wood, flower, wax",1564,1539,1630,2009
guaiol,489-86-1,"wood, balsamic",1572,1589,1680,1937
dehydrocarveol,28982-60-7,"oil, herb",1576,1593,1684,1941
tridecanol,112-70-9,must,1576,1593,1695,1952
(E)-isoelemicin,5273-85-8,"spice, flower",1579,1596,1687,1944
dill apiol,484-31-1,"wood, spice",1585,1602,1693,1950
cedrenol,28231-03-0,fruit,1587,1604,1695,2113
δ-undecalactone,710-04-3,peach,1589,1606,1837,2284
geranyl isovalerate,109-20-6,"fruit, rose, apple",1593,1610,1638,1895
epoxy-β-ionone,23267-57-4,"fruit, sweet, wood",1593,1610,1701,1958
tetradecyl aldehyde,124-25-4,"flower, wax",1596,1613,1683,1940
(E)-2-hexenoic acid,13419-69-7,"must, fat",1597,1614,1705,1962
hexadecane,544-76-3,alkane,1600,1600,1600,1600
caryophyllene oxide,1139-30-6,"herb, sweet, spice",1600,1573,1664,1962
spathulenol,6750-60-3,"herb, fruit",1602,1619,1710,2129
levomenol,23089-26-1,herb,1603,1620,1764,2021
citronellyl valerate,7540-53-6,"warm, honey, herb, rose",1608,1625,1623,1880
methyl jasmonate,1211-29-6,jasmine,1609,1626,1717,1974
(E)-Whiskey lactone,80041-01-6,"flower, lactone",1612,1629,1720,1977
(Z)-whiskey lactone,80041-00-5,coconut,1620,1637,1728,1985
β-caryophyllene alcohol,472-97-9,"earth, moss",1625,1642,1746,2003
humulene oxide,19888-33-6,herb,1625,1642,1758,2015
(-)-cubenol,21284-22-0,"spice, herb, green tea",1628,1645,1736,1993
geranyl valerate,10402-47-8,"rose, fruit",1632,1649,1703,1960
methyl tetradecanoate,124-10-7,orris,1634,1651,1742,1999
bulnesol,22451-73-6,spice,1634,1651,1742,1999
β-eudesmol,473-15-4,"wood, green",1637,1654,1745,2246
(Z)-6-dodecen-γ-lactone,15456-69-6,soap,1639,1656,1747,2394
methyl epijasmonate,95722-42-2,jasmine,1640,1657,1748,2005
"cadina-1,4-dien-3-ol",114791-16-1,"wood, spice",1641,1658,1749,2006
(Z)-6-dodecene-γ-lactone,18679-18-0,"peach, sweet",1643,1660,1894,2396
α-bisabolol,515-69-5,"spice, flower",1645,1662,1753,2235
oxo-β-ionone,29790-29-2,wood,1648,1665,1849,2106
methyl dihydroepijasmonate,39647-11-5,jasmine,1649,1666,1757,2014
β-bisabolol,15352-77-9,"sweet, herb",1649,1666,1757,2014
butyl laurate,106-18-3,oil,1655,1672,1763,2020
δ-cadinol,36564-42-8,herb,1657,1674,1877,2134
T-muurolol,19912-62-0,"herb, weak spice",1659,1635,1726,2148
7-methoxycoumarin,531-59-9,"balsamic, sweet",1660,1743,1834,2981
pantolactone,599-04-2,cotton candy,1668,1685,1776,2033
γ-dodecalactone,2305-05-7,"sweet, fruit, flower",1668,1685,1898,2384
zingiberenol,58334-55-7,metal,1672,1689,1780,2037
"2,6-dimethylnaphthalene",581-42-0,grass,1673,1690,1781,2038
α-cadinol,481-34-5,"herb, wood",1674,1676,1767,2191
(E)-2-dodecen-1-ol,69064-37-5,oil,1675,1692,1783,2040
7-heptadecene,54290-12-9,alkane,1676,1693,1784,2041
ethyl tetradecanoate,124-06-1,ether,1677,1694,1785,2042
β-farnesol,58181-76-3,"flower, oil",1679,1696,1787,2044
α-caryophyllene alcohol,4586-22-5,earth,1679,1696,1952,2209
methyl cinnamate,1754-62-7,strawberry,1683,1700,1791,2048
diethyl malate,7554-12-3,"brown sugar, sweet",1688,1705,1796,2053
β-sinensal,60066-88-8,sweet,1689,1706,1797,2249
pentadecanal,2765-11-9,fresh,1694,1711,1802,2059
heptadecane,629-78-7,alkane,1700,1700,1700,1700
δ-dodecalactone,713-95-1,"fruit, sweet",1704,1721,1945,2426
(E)-farnesol,106-28-5,muguet,1705,1722,1813,2350
ethyl-(E)-cinnamate,4192-77-2,"flower, honey",1732,1749,1840,2097
viridiflorol,552-02-3,"green, sweet",1737,1754,1845,2102
trimethylphenylbutenone,57461-21-9,"flower, green",1737,1754,1845,2102
benzyl benzoate,120-51-4,"balsamic, oil, herb",1739,1723,1814,2071
methyl furaneol,27538-09-6,"cotton candy, sweet",1746,1763,1854,2111
bornyl benzoate,26927-90-2,"pine, balsamic",1749,1766,1857,2114
perhydrofarnesylacetone,502-69-2,fat,1753,1770,1861,2118
10-epi-γ-eudesmol,15051-81-7,"sweet, wood, flower",1756,1773,1864,2121
(+)-nootkatone,4674-50-4,grapefruit,1760,1814,2006,2515
hexadecanone,18787-63-8,fruit,1781,1798,1855,2112
4-propyl-guaiacol,2785-87-7,phenol,1781,1798,1889,2146
palmitaldehyde,629-80-1,cardboard,1796,1813,1896,2153
(-)-nootkatone,38427-78-0,terpentine,1797,1814,2006,2515
octadecane,593-45-3,alkane,1800,1800,1800,1800
Diethyl 2-hydroxyglutarate,69134-53-8,cotton candy,1806,1823,1914,2171
uncineol,1209-71-8,"wax, sweet",1820,1837,1928,2185
phenylethyl benzoate,97-47-3,"flower, honey",1824,1841,1932,2189
p-hydroethylbenzene,123-07-9,"phenol, spice",1830,1847,1938,2195
α-calacorene,21391-99-1,wood,1842,1859,1950,2207
hexadecanol,29354-98-1,"flower, wax",1853,1870,1961,2218
cetyl alcohol,36653-82-4,"wax, flower",1853,1870,1961,2378
4-Carbethoxybutyrolactone,1126-51-8,"roast, smoke",1876,1893,1984,2241
eudesmol,123123-38-6,"sweet, wood",1879,1896,1987,2244
ethyl hexadecanoate,628-97-7,wax,1885,1902,1993,2250
isoeugenol,97-54-1,flower,1885,1902,1993,2250
nonadecane,629-92-5,alkane,1900,1900,1900,1900
γ-undecalactone,104-67-6,apricot,1905,1922,2013,2270
"(E,E)-farnesyl acetate",4128-17-0,"oil, wax",1918,1935,2026,2283
trimethylphenylbutenone,81018-77-1,"flower, green",1925,1942,2033,2290
syringol,91-10-1,"medicine, phenol, smoke",1931,1948,2039,2296
isopropyl palmitate,142-91-6,fat,1993,2010,2101,2358
diethyl tartrate,87-91-2,"earth, must",1993,2010,2101,2358
"(E,E)-farnesylacetone",1117-52-8,"flower, ether",1998,2015,2106,2363
eicosane,112-95-8,alkane,2000,2000,2000,2000
(E)-isoeugenol,5932-68-3,flower,2007,2024,2115,2372
octadecanaldehyde,638-66-4,oil,2035,2052,2143,2400
4-vinylphenol,2628-17-3,almond shell,2062,2079,2170,2427
oleic acid,112-80-1,fat,2065,2082,2173,2430
methyl octadecenoate,112-61-8,fat,2065,2082,2173,2430
hydroxycalamenene,95908-33-1,herb,2068,2085,2068,2325
tetradecanol,112-72-1,coconut,2099,2116,1920,2177
heneicosane,629-94-7,alkane,2100,2100,2100,2100
phytol,150-86-7,flower,2111,2128,2314,2571
5-oxymethylfurfurole,67-47-0,cardboard,2147,2164,2255,2512
lauric acid,143-07-7,metal,2152,2169,2260,2517
docosane,629-97-0,alkane,2200,2200,2200,2200
6-Methoxyeugenol,6627-88-9,"sweet, flower",2205,2222,2313,2570
stearyl alcohol,112-92-5,oil,2215,2232,2323,2580
methyl vanillate,3943-74-6,"caramel, butterscotch, vanilla",2233,2250,2341,2598
ethyl vanillate,617-05-0,"flower, fruit, sweet, vanilla",2247,2264,2355,2612
acetovanillone,498-02-2,vanilla,2275,2292,2383,2640
3-oxo-α-ionol,34318-21-3,spice,2285,2302,2393,2650
tricosane,638-67-5,alkane,2300,2300,2300,2300
